Part,Description,Qty
Seeed XIAO ESP32C3,Microcontroller,1
MX-style keyboard switch,KS-3Y10B050NW-X1 Yellow,4
White blank DSA keycap,1u,4
2.25in TFT display,ST7789 76x284,1
3.3V piezo buzzer,Through-hole,1
Pin header 1x8 male 2.54mm,Screen and PCB,2
Pin header 1x7 male 2.54mm,For XIAO,2
Jumper wire female-female 20cm,Screen to PCB,8
sixzero PCB,90 x 62 mm,1
Heatset insert M3x5x4,Threaded insert,8
Screw M3x8mm,PCB mount,4
Screw M3x16mm,Lid,4
PLA filament matte,Cream or grey,1
Acrylic paint,Lettering,1
Foam tape or hot glue,Screen mount,1
USB-C data cable,Power and upload,1
